Organization,Followed On
OpenAI,Tue Oct 28 20:33:50 UTC 2025
Anthropic,Tue Oct 28 20:33:48 UTC 2025
HoliFrog,Thu Jun 19 01:14:25 UTC 2025
GrowthAlchemyLab.com,Wed Apr 02 03:20:40 UTC 2025
Cotality,Fri Apr 04 17:39:14 UTC 2025
Business Insider Advertising,Tue Dec 17 01:28:27 UTC 2024
University of Michigan Ross Social Venture Fund,Fri Nov 08 22:05:10 UTC 2024
Epilogue Capital,Tue Oct 08 20:30:28 UTC 2024
Management Leadership for Tomorrow,Thu Oct 03 21:40:52 UTC 2024
Stealth Startup,Sat Aug 10 03:19:05 UTC 2024
Cloudflare,Sat Aug 10 03:18:22 UTC 2024
Quotacom,Sat Aug 10 03:16:05 UTC 2024
Irvine Company Office,Thu Aug 08 14:55:11 UTC 2024
Headspace,Thu Jul 04 00:10:49 UTC 2024
Keeper,Wed Jun 26 23:37:37 UTC 2024
DoorDash,Tue Jun 25 01:14:26 UTC 2024
Burson,Thu Jun 13 13:56:12 UTC 2024
TaxAct,Mon Jun 10 22:19:15 UTC 2024
Monzo Bank,Mon Jun 10 15:41:51 UTC 2024
H&R Block,Fri Jun 07 18:07:43 UTC 2024
Pink Lily,Tue Jun 04 00:29:16 UTC 2024
Asana,Mon Jun 03 22:52:50 UTC 2024
ServiceNow,Mon Jun 03 22:41:17 UTC 2024
Netflix,Mon Jun 03 13:45:07 UTC 2024
Opendoor,Wed May 29 05:48:59 UTC 2024
"Reddit, Inc.",Wed May 29 01:42:51 UTC 2024
Stripe,Tue May 28 23:35:51 UTC 2024
Affirm,Tue May 28 23:09:28 UTC 2024
Stott and May,Tue May 28 19:30:15 UTC 2024
Koalafi,Fri May 24 23:33:54 UTC 2024
Puzzle,Fri May 24 01:18:28 UTC 2024
Black Ore,Fri May 24 01:02:42 UTC 2024
Panasonic Well,Thu May 23 19:41:50 UTC 2024
eSimplicity,Thu May 23 19:22:28 UTC 2024
"FILD Search, LLC",Wed May 22 01:27:34 UTC 2024
Demand.io,Wed May 22 01:26:11 UTC 2024
Great American Media,Wed May 22 01:21:14 UTC 2024
10X Health System,Wed May 22 01:20:28 UTC 2024
Pixelberry Studios,Wed May 22 01:02:54 UTC 2024
Microsoft,Fri May 17 23:44:39 UTC 2024
Goldman Sachs,Thu Feb 22 16:00:55 UTC 2024
Leap Event Technology,Tue Jun 27 13:23:35 UTC 2023
E-commerce,Mon Mar 13 20:57:49 UTC 2023
Product Marketing,Mon Mar 13 20:54:53 UTC 2023
Go-to-market Strategy,Sat Mar 11 20:45:32 UTC 2023
Competitive Analysis,Sat Mar 11 20:24:45 UTC 2023
Cross-functional Team Leadership,Sat Mar 11 19:52:47 UTC 2023
Telesis Bio,Wed Oct 12 15:02:30 UTC 2022
PSG,Fri Aug 19 03:55:53 UTC 2022
Intuit Mailchimp,Wed Aug 10 19:15:11 UTC 2022
Intuit QuickBooks,Wed Aug 10 19:15:10 UTC 2022
Intuit Accountants,Wed Aug 10 19:15:09 UTC 2022
Intuit India,Wed Aug 10 19:15:08 UTC 2022
Skyhigh Security,Tue Jun 07 22:22:35 UTC 2022
"SiteBridge Research, Inc.",Tue Jun 07 22:19:47 UTC 2022
Akkodis,Fri May 20 03:14:08 UTC 2022
LHH,Tue May 03 14:32:56 UTC 2022
BuyHive,Wed Apr 27 16:24:44 UTC 2022
ThredUp,Thu Mar 31 18:24:32 UTC 2022
Be Happy - Follow us for amazing stories ☀️,Sat Mar 26 06:55:21 UTC 2022
Shework.in,Tue Mar 22 22:15:45 UTC 2022
Stride,Tue Mar 15 23:03:32 UTC 2022
Laasie,Tue Feb 22 05:55:31 UTC 2022
Meredith Consulting,Fri Feb 18 05:02:04 UTC 2022
Angeles Investors,Wed Jan 12 16:44:54 UTC 2022
Intuit,Tue Nov 09 15:26:50 UTC 2021
XpertiseNow US,Mon Oct 25 14:42:16 UTC 2021
Ario,Fri Oct 01 21:44:43 UTC 2021
YouTube,Wed Sep 29 02:42:06 UTC 2021
UP Talent Group,Tue Sep 14 21:18:56 UTC 2021
DeWinter Group,Fri Sep 10 19:12:28 UTC 2021
"Hawthorne Health, Inc.",Fri Sep 10 19:09:47 UTC 2021
Hearst,Fri Sep 10 19:08:27 UTC 2021
Crediverso,Tue Sep 07 19:08:13 UTC 2021
BlackLine,Tue Sep 07 16:00:35 UTC 2021
❤️ Positive thought ☀️ Daily Good News,Sat Sep 04 22:15:13 UTC 2021
E1,Thu Sep 02 18:17:04 UTC 2021
CRG Search,Thu Sep 02 17:53:34 UTC 2021
Coviance,Thu Sep 02 17:51:59 UTC 2021
Greenfly,Thu Sep 02 17:51:34 UTC 2021
Electus Global Education Co.,Thu Sep 02 17:51:15 UTC 2021
Kudoboard,Thu Sep 02 17:50:57 UTC 2021
dot818,Tue Aug 24 18:18:41 UTC 2021
Parker and Lynch,Tue Aug 24 15:26:27 UTC 2021
Titan Mining,Tue Aug 24 00:57:05 UTC 2021
Treedom EDU,Tue Aug 24 00:56:47 UTC 2021
Lamkin Corporation,Mon Aug 16 21:14:47 UTC 2021
Finexio,Sat Aug 14 19:26:58 UTC 2021
Zywave,Sat Aug 14 02:05:17 UTC 2021
HERE Technologies,Sat Aug 14 02:00:22 UTC 2021
Zigzy,Sat Aug 14 01:54:56 UTC 2021
Petco,Wed Aug 04 22:07:12 UTC 2021
Apalon,Thu Jul 29 19:10:56 UTC 2021
Operant Networks,Thu Jul 29 18:35:21 UTC 2021
Talener,Thu Jul 29 18:31:46 UTC 2021
San Diego Association of Governments (SANDAG),Tue Jul 27 01:13:22 UTC 2021
FreshForm.,Tue Jul 27 01:13:16 UTC 2021
Patron Technology,Tue Jul 27 00:44:50 UTC 2021
Product User Lab,Mon Jul 26 22:13:15 UTC 2021
ZettaComm Technology Integration,Wed Jun 16 02:31:50 UTC 2021
PowerPlays,Wed Jun 16 02:28:44 UTC 2021
Fit3D,Thu May 06 11:15:47 UTC 2021
Amazon,Sun May 02 23:44:29 UTC 2021
Quest Mindshare,Wed Apr 28 08:38:14 UTC 2021
"Market Cube, A Schlesinger Company",Wed Apr 28 08:38:13 UTC 2021
Ipsos,Wed Apr 28 08:35:42 UTC 2021
"Branded Research, Inc.",Wed Apr 28 08:35:14 UTC 2021
Trivie,Fri Apr 16 22:23:16 UTC 2021
handsome,Fri Apr 16 22:22:51 UTC 2021
Ruckus,Fri Apr 16 22:00:02 UTC 2021
Speechify,Fri Apr 16 21:59:44 UTC 2021
Forter,Fri Apr 16 21:59:41 UTC 2021
Infuse,Fri Apr 16 21:53:42 UTC 2021
Upcraft,Fri Apr 16 21:52:56 UTC 2021
Moxie,Fri Apr 16 21:48:39 UTC 2021
Austin Fraser,Fri Apr 16 21:47:25 UTC 2021
VacationRenter,Fri Apr 16 21:45:17 UTC 2021
Worth Search,Fri Apr 16 21:45:10 UTC 2021
"Method Recruiting, a 3x Inc. 5000 company",Fri Apr 16 21:44:12 UTC 2021
Harnham,Fri Apr 16 21:43:07 UTC 2021
Airbo,Fri Apr 16 21:17:51 UTC 2021
Nike,Fri Apr 16 21:17:32 UTC 2021
Blue Wheel,Fri Apr 16 21:17:17 UTC 2021
Athletic Brewing Co.,Fri Apr 16 21:15:38 UTC 2021
GrowthDay,Fri Apr 16 21:14:07 UTC 2021
Rare Carat,Fri Apr 16 21:13:11 UTC 2021
JBAndrews,Fri Apr 16 21:06:51 UTC 2021
Hey Jane,Fri Apr 16 21:05:43 UTC 2021
GroWrk,Thu Apr 01 21:31:13 UTC 2021
Incisive Consultants,Wed Mar 24 18:32:25 UTC 2021
Aviron,Tue Mar 23 22:24:24 UTC 2021
AC Lion Digital Executive Search,Tue Mar 23 22:15:15 UTC 2021
tonies® USA,Tue Mar 23 22:13:04 UTC 2021
Lox Club,Tue Mar 23 22:12:32 UTC 2021
Orchid,Tue Mar 23 22:09:53 UTC 2021
Wisp,Tue Mar 23 22:09:35 UTC 2021
Orange Pegs,Tue Mar 23 22:09:24 UTC 2021
Wonderful Wonderful,Tue Mar 23 22:09:04 UTC 2021
NoRedInk,Tue Mar 23 22:08:15 UTC 2021
Warner Bros. Games,Sat Mar 20 03:21:38 UTC 2021
Housecall Pro,Wed Mar 17 23:20:40 UTC 2021
Shift,Wed Mar 17 23:17:40 UTC 2021
Carrot,Wed Mar 17 23:07:35 UTC 2021
CDM Technology,Wed Mar 17 23:01:47 UTC 2021
Metacoder,Wed Mar 17 21:07:31 UTC 2021
Blenders,Fri Mar 12 21:46:53 UTC 2021
AutoVitals,Fri Mar 12 20:34:35 UTC 2021
Crafter.,Fri Mar 12 20:23:41 UTC 2021
Tandem Diabetes Care,Tue Mar 09 05:30:53 UTC 2021
letus (previously RentMoola),Tue Mar 09 05:22:38 UTC 2021
Fresh Clean Threads,Fri Jan 15 23:44:15 UTC 2021
SOCi.ai,Fri Jan 15 23:18:38 UTC 2021
"DiversyFund, Inc.",Wed Jan 13 05:36:12 UTC 2021
Mixlab,Wed Jan 13 05:35:27 UTC 2021
GOVX,Tue Jan 12 17:58:22 UTC 2021
National University,Tue Jan 12 17:31:42 UTC 2021
Lars Remodeling & Design,Tue Jan 12 17:01:39 UTC 2021
CSI Companies,Fri Jan 08 01:06:48 UTC 2021
Zeera (acquired by Hazel Health),Fri Jan 08 01:06:40 UTC 2021
Beautycounter,Fri Jan 08 01:02:07 UTC 2021
Optello,Tue Dec 29 23:40:18 UTC 2020
Suzy,Tue Dec 29 23:39:43 UTC 2020
Nextdoor,Tue Dec 29 23:32:16 UTC 2020
Sony Electronics | Healthcare Solutions (US & Canada),Sat Dec 05 00:43:28 UTC 2020
Razorfish,Wed Dec 02 18:26:14 UTC 2020
Synergy Interactive,Wed Dec 02 18:25:47 UTC 2020
University of Michigan- School for Environment and Sustainability,Wed Dec 02 18:06:18 UTC 2020
Sourse,Wed Dec 02 17:35:55 UTC 2020
The Sales Stand Up,Wed Dec 02 17:35:53 UTC 2020
Shepherd Advisors,Wed Dec 02 17:35:38 UTC 2020
ConciergeBot,Wed Dec 02 17:35:33 UTC 2020
Datashake,Wed Dec 02 06:05:54 UTC 2020
Clipboard,Wed Dec 02 05:57:46 UTC 2020
"Wiser Solutions, Inc.",Wed Dec 02 05:26:11 UTC 2020
Income Discovery,Wed Dec 02 05:22:33 UTC 2020
RedDoor,Wed Dec 02 02:48:26 UTC 2020
Shoppable®,Wed Dec 02 02:46:13 UTC 2020
Chipper,Wed Dec 02 02:45:58 UTC 2020
CitiusTech,Wed Dec 02 02:43:28 UTC 2020
Unlayer (YC W22),Wed Dec 02 02:42:35 UTC 2020
Ceres,Wed Dec 02 02:34:42 UTC 2020
Entelligence,Wed Dec 02 02:24:44 UTC 2020
Cypress HCM,Wed Dec 02 02:24:29 UTC 2020
Cornerstone RPO,Wed Dec 02 01:30:41 UTC 2020
Walmart,Wed Dec 02 01:30:05 UTC 2020
CodeSignal,Wed Dec 02 01:29:40 UTC 2020
"Everest Consultants, Inc.",Wed Dec 02 01:28:26 UTC 2020
Brex,Wed Dec 02 01:05:48 UTC 2020
Collin Cadmus Podcast,Thu Nov 26 17:58:12 UTC 2020
Rabbet,Wed Nov 18 17:31:54 UTC 2020
"Kareo, a Tebra company",Wed Oct 07 21:22:26 UTC 2020
Truvian,Mon Aug 31 21:55:02 UTC 2020
PTC,Mon Aug 31 20:54:07 UTC 2020
"Collin Cadmus, LLC",Wed Aug 12 17:19:36 UTC 2020
PRA Health Sciences,Tue Jul 21 22:31:32 UTC 2020
TrellisWare Technologies,Wed Jul 08 05:20:03 UTC 2020
PDP,Wed Jul 08 04:29:13 UTC 2020
Orb Group,Tue Jun 30 23:49:40 UTC 2020
PAR Technology,Tue Jun 30 23:45:44 UTC 2020
The Fancy,Tue Jun 30 23:42:25 UTC 2020
Mercato,Tue Jun 30 23:41:48 UTC 2020
Zego,Tue Jun 30 00:25:57 UTC 2020
24 Seven Talent,Mon Jun 29 21:11:38 UTC 2020
BattleFin,Thu Jun 18 16:37:13 UTC 2020
Trapital,Thu Jun 04 13:08:50 UTC 2020
VideoAmp,Wed Apr 01 15:47:42 UTC 2020
"AbleForce, Inc.",Mon Feb 24 23:56:36 UTC 2020
Proven Recruiting,Mon Feb 24 23:56:16 UTC 2020
Taoglas,Thu Jan 30 18:45:35 UTC 2020
"Vistage Worldwide, Inc.",Thu Jan 30 18:45:18 UTC 2020
"The Creative Network, Inc.",Thu Jan 30 18:45:06 UTC 2020
Boutique Recruiting,Thu Jan 30 18:45:03 UTC 2020
Codex DNA,Wed Jan 15 18:26:35 UTC 2020
Qdoba Restaurant Corporation,Wed Jan 08 20:36:38 UTC 2020
Comply Regulatory Services,Fri Dec 20 18:58:04 UTC 2019
G-P,Fri Dec 20 18:57:55 UTC 2019
Epsilon,Fri Dec 06 20:19:52 UTC 2019
Nixon,Fri Dec 06 20:19:42 UTC 2019
Urgently,Mon Nov 25 17:43:52 UTC 2019
CoreLogic,Mon Nov 25 17:43:42 UTC 2019
Modis,Wed Nov 06 22:51:04 UTC 2019
TEKsystems,Wed Nov 06 22:50:28 UTC 2019
Kismet Search,Wed Oct 23 19:52:38 UTC 2019
"Executive Career Search, Inc.",Wed Oct 23 19:51:59 UTC 2019
Elsevier,Tue Oct 08 05:03:56 UTC 2019
"TriStaff Group of Companies, Division of Amtec",Tue Oct 08 05:02:54 UTC 2019
University of Michigan - Erb Institute,Thu Sep 26 21:49:11 UTC 2019
Nagarro,Thu Jul 04 05:52:47 UTC 2019
Quiet Light,Tue Jun 11 15:57:54 UTC 2019
Inseego Corp,Mon Jun 10 21:27:59 UTC 2019
"Sapphire Digital, part of Zelis",Wed Feb 20 02:38:11 UTC 2019
GetApp,Thu Aug 23 21:32:58 UTC 2018
Altmetric,Mon Jul 16 18:44:05 UTC 2018
Doximity,Tue Jul 10 21:03:02 UTC 2018
Crunchbase,Sun Jun 24 14:13:32 UTC 2018
Starz,Wed Jun 20 01:24:34 UTC 2018
Hitachi Vantara,Wed Jun 06 18:37:16 UTC 2018
Underdog.io -Apply to top tech jobs in 60 seconds. A place where companies apply to you,Mon Jun 04 16:39:50 UTC 2018
Redfish Technology,Wed May 30 22:46:16 UTC 2018
Egon Zehnder,Wed May 30 05:54:09 UTC 2018
Millennium Health,Fri May 25 17:21:14 UTC 2018
GoFormz,Fri May 25 17:20:14 UTC 2018
"Mitchell International, Inc.",Thu May 24 16:59:31 UTC 2018
Turtle Beach,Thu May 24 16:58:51 UTC 2018
Vitagene,Mon May 07 17:30:39 UTC 2018
Mido Play Inc.,Mon May 07 17:11:02 UTC 2018
Clarizen (Now Planview AdaptiveWork),Mon May 07 15:22:03 UTC 2018
Komodo Health,Mon May 07 15:21:32 UTC 2018
Comparably,Mon May 07 15:14:22 UTC 2018
Vitals,Mon Apr 23 15:09:41 UTC 2018
"Smule, Inc.",Sat Apr 21 17:29:00 UTC 2018
Pipefy,Sat Apr 14 04:34:45 UTC 2018
Internet Brands,Sat Apr 14 04:30:54 UTC 2018
JAANUU,Sat Apr 14 04:30:34 UTC 2018
HomeLight,Thu Apr 05 15:39:46 UTC 2018
RocketSpace,Thu Apr 05 02:01:40 UTC 2018
Zenfolio Inc,Mon Mar 26 21:07:31 UTC 2018
Agoda,Tue Mar 13 17:37:09 UTC 2018
"Insider, Inc.",Sun Mar 04 20:04:52 UTC 2018
Tinder,Thu Nov 30 16:59:54 UTC 2017
Doctor.com,Tue Nov 07 05:21:35 UTC 2017
Demandforce,Fri Jul 28 04:39:57 UTC 2017
Cloudbeds,Fri May 05 04:50:00 UTC 2017
Lyft,Fri Mar 03 18:48:17 UTC 2017
CBS Interactive,Thu Feb 16 18:54:18 UTC 2017
Man Crates,Thu Feb 09 17:07:29 UTC 2017
Bowers & Wilkins USA,Thu Feb 09 17:01:55 UTC 2017
Monti Kids,Thu Feb 09 17:01:25 UTC 2017
Samsung Electronics,Fri Feb 03 17:06:09 UTC 2017
Early Warning®,Fri Jan 13 01:04:01 UTC 2017
Quora,Wed Dec 28 23:23:06 UTC 2016
UserTesting,Wed Dec 14 06:23:23 UTC 2016
Samsung Electronics America,Thu Dec 01 00:15:46 UTC 2016
Bitdefender,Mon Nov 21 19:39:26 UTC 2016
Oracle,Mon Nov 21 19:38:56 UTC 2016
Boostinsider - Influencer Marketing Intelligence.,Fri Oct 28 18:08:34 UTC 2016
Apartment List,Fri Oct 21 17:16:29 UTC 2016
University of Virginia,Mon Sep 05 21:17:19 UTC 2016
University of Michigan - Stephen M. Ross School of Business,Sun Sep 04 10:19:53 UTC 2016
University of Michigan,Wed Aug 31 16:51:29 UTC 2016
AppZen,Tue Jun 28 14:57:39 UTC 2016
Ancestry,Thu Mar 24 23:27:41 UTC 2016
WIRED,Tue Mar 01 14:59:47 UTC 2016
Recode,Tue Mar 01 14:59:01 UTC 2016
Ad Age,Tue Mar 01 14:58:16 UTC 2016
TechCrunch,Tue Mar 01 14:57:34 UTC 2016
Lytro (Acquired by Google),Thu Feb 18 06:12:26 UTC 2016
ADWEEK,Mon Jan 25 06:17:02 UTC 2016
The Economist,Mon Jan 25 06:16:54 UTC 2016
The Verge,Mon Jan 25 06:16:14 UTC 2016
LinkedIn's Economic Graph,Thu Dec 17 05:09:40 UTC 2015
Verizon,Tue Dec 01 21:06:18 UTC 2015
VentureBeat,Mon Nov 23 14:07:22 UTC 2015
Munchkin,Tue Oct 27 21:00:55 UTC 2015
Ergobaby,Tue Oct 27 20:55:14 UTC 2015
Quest Groups LLC,Mon Oct 26 23:11:10 UTC 2015
Carbon,Mon Oct 26 23:07:19 UTC 2015
HP,Thu Oct 22 23:06:13 UTC 2015
Three Pillars Recruiting,Mon Oct 19 23:41:20 UTC 2015
Evernote,Sun Jul 26 20:50:25 UTC 2015
Tile,Sat Apr 04 14:40:52 UTC 2015
AnchorFree,Wed Mar 18 23:00:33 UTC 2015
Egnyte,Thu Mar 12 06:54:49 UTC 2015
Ingenio,Thu Mar 12 06:53:34 UTC 2015
Points (a Plusgrade company),Thu Mar 12 06:53:24 UTC 2015
SendGrid,Thu Mar 12 06:51:50 UTC 2015
BigCommerce,Tue Mar 10 22:35:14 UTC 2015
TopTech Ventures,Tue Mar 10 22:30:23 UTC 2015
"Pivotal Software, Inc.",Tue Mar 10 21:04:10 UTC 2015
LegalZoom,Tue Mar 10 19:23:49 UTC 2015
Model N,Wed Mar 04 22:12:08 UTC 2015
Jivaro Professional Headhunters,Tue Feb 17 19:29:51 UTC 2015
eBay for Business,Tue Jan 06 06:27:08 UTC 2015
Omniata Inc.,Sat Oct 18 06:18:43 UTC 2014
Trip by Skyscanner,Mon Sep 22 04:06:41 UTC 2014
Taulia,Thu Sep 11 05:36:39 UTC 2014
Robert Walters,Mon Sep 08 06:02:15 UTC 2014
Asurion,Mon Sep 08 05:15:11 UTC 2014
Ticketmaster,Mon Sep 08 04:19:16 UTC 2014
Gap Inc./GID,Sat Sep 06 06:52:34 UTC 2014
PokitDok,Sat Sep 06 06:08:42 UTC 2014
"Citrus Lane, a Care.Com Company",Sat Sep 06 05:51:38 UTC 2014
Adobe,Wed Aug 27 10:14:24 UTC 2014
Fixya,Fri Jul 25 22:17:42 UTC 2014
Skyhigh Networks,Mon Jul 14 04:23:23 UTC 2014
Keynote Systems,Mon Jul 14 04:22:33 UTC 2014
Tamr,Mon Jun 02 22:36:40 UTC 2014
GiftNow - Gift Experience Management,Mon Mar 03 12:52:08 UTC 2014
Hospitality Spotlight Recruiting,Fri Feb 21 18:40:16 UTC 2014
Entrepreneur Media,Mon Nov 25 15:44:57 UTC 2013
Harvard Business Review,Mon Nov 25 15:44:57 UTC 2013
Business Insider,Mon Nov 25 15:44:57 UTC 2013
eBay,Wed May 22 00:01:05 UTC 2013
eGain Corporation,Fri Feb 08 23:49:13 UTC 2013
Spicebox,Thu Sep 20 02:48:17 UTC 2012
"KiwiCo, Inc.",Thu Sep 06 00:03:06 UTC 2012
Square,Tue Aug 21 22:44:53 UTC 2012
Hewlett Packard Enterprise,Wed Jun 06 00:20:16 UTC 2012
Irdeto,Thu May 17 13:30:29 UTC 2012
Nicira,Thu May 17 05:24:12 UTC 2012
Cloudera,Thu May 17 05:01:38 UTC 2012
Zendesk,Thu May 17 04:58:42 UTC 2012
Box,Thu May 17 04:57:57 UTC 2012
SugarCRM,Thu May 17 04:30:57 UTC 2012
Climate,Wed Feb 01 18:30:50 UTC 2012
Google,Wed Dec 07 18:25:11 UTC 2011
IDEO,Thu Mar 17 05:03:33 UTC 2011
Twitter,Tue Nov 16 08:19:04 UTC 2010
Meta,Tue Nov 16 08:18:54 UTC 2010
LinkedIn,Tue Nov 16 08:18:37 UTC 2010
Sony Electronics,Tue Nov 16 08:17:44 UTC 2010
VMware,Tue Nov 16 08:17:28 UTC 2010
invalid2512,Wed Sep 22 11:31:57 UTC 2010
Enviance | a Cority company,Wed Jun 02 06:40:14 UTC 2010